sentence_good,sentence_bad,linguistic_phenomenon,paradigm,item_id,critical_word,cue_word
De vrouw is vanmorgen gaan zwemmen in de woeste zee.,De vrouw is vanmorgen zwemmen gaan in de woeste zee.,Auxiliaries,perfect,361,gaan zwemmen,
De jongen is gisteren gaan werken op de nieuwe locatie.,De jongen is gisteren werken gaan op de nieuwe locatie.,Auxiliaries,perfect,362,gaan werken,
De vader is zaterdag gaan kijken bij de spannende voetbalwedstrijd.,De vader is zaterdag kijken gaan bij de spannende voetbalwedstrijd.,Auxiliaries,perfect,363,gaan kijken,
De zakenman is gisteravond gaan slapen na een vermoeiende reis.,De zakenman is gisteravond slapen gaan na een vermoeiende reis.,Auxiliaries,perfect,364,gaan slapen,
Het stel is vrijdag gaan eten in dat nieuwe restaurant.,Het stel is vrijdag eten gaan in dat nieuwe restaurant.,Auxiliaries,perfect,365,gaan eten,
De sporter is maandag gaan hardlopen in het groene park.,De sporter is maandag hardlopen gaan in het groene park.,Auxiliaries,perfect,366,gaan hardlopen,
Het meisje is dinsdag gaan lunchen in dat leuke restaurant.,Het meisje is dinsdag lunchen gaan in dat leuke restaurant.,Auxiliaries,perfect,367,gaan lunchen,
De man is woensdag gaan wandelen over dat lange pad.,De man is woensdag wandelen gaan over dat lange pad.,Auxiliaries,perfect,368,gaan wandelen,
De leerling is donderdag gaan studeren voor de moeilijke toetsen.,De leerling is donderdag studeren gaan voor de moeilijke toetsen.,Auxiliaries,perfect,369,gaan studeren,
De jager is zondag gaan jagen in de bergen.,De jager is zondag jagen gaan in de bergen.,Auxiliaries,perfect,370,gaan jagen,
De kinderen zijn vanmorgen gaan spelen in het park.,De kinderen zijn vanmorgen spelen gaan in het park.,Auxiliaries,perfect,4081,gaan spelen,
De werknemer is gisteren gaan overleggen met zijn collega's.,De werknemer is gisteren overleggen gaan met zijn collega's.,Auxiliaries,perfect,4082,gaan overleggen,
De toerist is vorige week gaan skiën in de Alpen.,De toerist is vorige week skiën gaan in de Alpen.,Auxiliaries,perfect,4083,gaan skiën,
De musicus is vandaag gaan oefenen voor het concert.,De musicus is vandaag oefenen gaan voor het concert.,Auxiliaries,perfect,4084,gaan oefenen,
De chef-kok is gisteravond gaan koken in het chique restaurant.,De chef-kok is gisteravond koken gaan in het chique restaurant.,Auxiliaries,perfect,4085,gaan koken,
De activisten zijn vorige maand gaan demonstreren voor meer rechten.,De activisten zijn vorige maand demonstreren gaan voor meer rechten.,Auxiliaries,perfect,4086,gaan demonstreren,
De docent is vanmiddag gaan uitleggen over het nieuwe onderwerp.,De docent is vanmiddag uitleggen gaan over het nieuwe onderwerp.,Auxiliaries,perfect,4087,gaan uitleggen,
De avonturier is vorige maand gaan klimmen op de hoge berg.,De avonturier is vorige maand klimmen gaan op de hoge berg.,Auxiliaries,perfect,4088,gaan klimmen,
De journalist is gisteren gaan interviewen voor het nieuwsartikel.,De journalist is gisteren interviewen gaan voor het nieuwsartikel.,Auxiliaries,perfect,4089,gaan interviewen,
Het echtpaar is vorige week gaan kamperen in het bos.,Het echtpaar is vorige week kamperen gaan in het bos.,Auxiliaries,perfect,4090,gaan kamperen,
De astronauten zijn gisteravond gaan trainen voor hun ruimtemissie.,De astronauten zijn gisteravond trainen gaan voor hun ruimtemissie.,Auxiliaries,perfect,4091,gaan trainen,
De tuinman is vandaag gaan snoeien in de achtertuin.,De tuinman is vandaag snoeien gaan in de achtertuin.,Auxiliaries,perfect,4092,gaan snoeien,
De acteur is vorige maand gaan repeteren voor het toneelstuk.,De acteur is vorige maand repeteren gaan voor het toneelstuk.,Auxiliaries,perfect,4093,gaan repeteren,
De architect is gisteren gaan ontwerpen voor het nieuwe gebouw.,De architect is gisteren ontwerpen gaan voor het nieuwe gebouw.,Auxiliaries,perfect,4094,gaan ontwerpen,
De studenten zijn vanmiddag gaan studeren voor het examen.,De studenten zijn vanmiddag studeren gaan voor het examen.,Auxiliaries,perfect,4095,gaan studeren,
De fotograaf is vorige week gaan fotograferen in de natuur.,De fotograaf is vorige week fotograferen gaan in de natuur.,Auxiliaries,perfect,4096,gaan fotograferen,
De pianist is vanavond gaan spelen op het concert.,De pianist is vanavond spelen gaan op het concert.,Auxiliaries,perfect,4097,gaan spelen,
De vrienden zijn afgelopen weekend gaan barbecueën in de tuin.,De vrienden zijn afgelopen weekend barbecueën gaan in de tuin.,Auxiliaries,perfect,4098,gaan barbecueën,
De onderzoekers zijn vandaag gaan analyseren van de gegevens.,De onderzoekers zijn vandaag analyseren gaan van de gegevens.,Auxiliaries,perfect,4099,gaan analyseren,
De advocate is gisteren gaan pleiten voor haar cliënt.,De advocate is gisteren pleiten gaan voor haar cliënt.,Auxiliaries,perfect,4100,gaan pleiten,
De patiënt is vanmorgen gaan praten met de psycholoog.,De patiënt is vanmorgen praten gaan met de psycholoog.,Auxiliaries,perfect,4101,gaan praten,
De kunstenaar is vorige maand gaan schilderen aan zijn nieuwste creatie.,De kunstenaar is vorige maand schilderen gaan aan zijn nieuwste creatie.,Auxiliaries,perfect,4102,gaan schilderen,
De coach is afgelopen week gaan adviseren over de strategie.,De coach is afgelopen week adviseren gaan over de strategie.,Auxiliaries,perfect,4103,gaan adviseren,
De programmeur is vanavond gaan coderen aan het nieuwe project.,De programmeur is vanavond coderen gaan aan het nieuwe project.,Auxiliaries,perfect,4104,gaan coderen,
De gasten zijn vanmiddag gaan genieten van het zonnige weer.,De gasten zijn vanmiddag genieten gaan van het zonnige weer.,Auxiliaries,perfect,4105,gaan genieten,
De leerlingen zijn gisteren gaan experimenteren in het scheikundelab.,De leerlingen zijn gisteren experimenteren gaan in het scheikundelab.,Auxiliaries,perfect,4106,gaan experimenteren,
De directeur is vorige week gaan informeren over de financiële situatie.,De directeur is vorige week informeren gaan over de financiële situatie.,Auxiliaries,perfect,4107,gaan informeren,
De atleet is vanochtend gaan trainen voor de marathon.,De atleet is vanochtend trainen gaan voor de marathon.,Auxiliaries,perfect,4108,gaan trainen,
De muzikant is vandaag gaan repeteren met zijn band.,De muzikant is vandaag repeteren gaan met zijn band.,Auxiliaries,perfect,4109,gaan repeteren,
De medewerkers zijn vorige maand gaan vergaderen over de nieuwe regels.,De medewerkers zijn vorige maand vergaderen gaan over de nieuwe regels.,Auxiliaries,perfect,4110,gaan vergaderen,
De wetenschapper is vanmiddag gaan onderzoeken in het laboratorium.,De wetenschapper is vanmiddag onderzoeken gaan in het laboratorium.,Auxiliaries,perfect,4111,gaan onderzoeken,
De schrijver is vorige week gaan schrijven aan zijn nieuwe boek.,De schrijver is vorige week schrijven gaan aan zijn nieuwe boek.,Auxiliaries,perfect,4112,gaan schrijven,
De monteur is gisteren gaan repareren aan de kapotte machine.,De monteur is gisteren repareren gaan aan de kapotte machine.,Auxiliaries,perfect,4113,gaan repareren,
De toeristen zijn vandaag gaan verkennen in de historische stad.,De toeristen zijn vandaag verkennen gaan in de historische stad.,Auxiliaries,perfect,4114,gaan verkennen,
De secretaresse is vanavond gaan organiseren voor het evenement.,De secretaresse is vanavond organiseren gaan voor het evenement.,Auxiliaries,perfect,4115,gaan organiseren,
De klanten zijn vanmorgen gaan winkelen in de nieuwe boetiek.,De klanten zijn vanmorgen winkelen gaan in de nieuwe boetiek.,Auxiliaries,perfect,4116,gaan winkelen,
De ingenieur is gisteravond gaan ontwerpen voor het nieuwe project.,De ingenieur is gisteravond ontwerpen gaan voor het nieuwe project.,Auxiliaries,perfect,4117,gaan ontwerpen,
De dansers zijn vorige maand gaan repeteren voor de voorstelling.,De dansers zijn vorige maand repeteren gaan voor de voorstelling.,Auxiliaries,perfect,4118,gaan repeteren,
De consultant is vanochtend gaan adviseren over de bedrijfsstrategie.,De consultant is vanochtend adviseren gaan over de bedrijfsstrategie.,Auxiliaries,perfect,4119,gaan adviseren,
De vrijwilligers zijn vandaag gaan helpen bij het evenement.,De vrijwilligers zijn vandaag helpen gaan bij het evenement.,Auxiliaries,perfect,4120,gaan helpen,
De klant is gisteren gaan informeren over de nieuwe producten.,De klant is gisteren informeren gaan over de nieuwe producten.,Auxiliaries,perfect,4121,gaan informeren,
De reizigers zijn vorige week gaan ontdekken in de onbekende stad.,De reizigers zijn vorige week ontdekken gaan in de onbekende stad.,Auxiliaries,perfect,4122,gaan ontdekken,
De kinderen zijn vanavond gaan knutselen in de hobbykamer.,De kinderen zijn vanavond knutselen gaan in de hobbykamer.,Auxiliaries,perfect,4123,gaan knutselen,
De manager is vanochtend gaan bespreken met het team.,De manager is vanochtend bespreken gaan met het team.,Auxiliaries,perfect,4124,gaan bespreken,
De bezoekers zijn gisteren gaan genieten van de kunsttentoonstelling.,De bezoekers zijn gisteren genieten gaan van de kunsttentoonstelling.,Auxiliaries,perfect,4125,gaan genieten,
De gasten zijn vanavond gaan proeven van de culinaire hoogstandjes.,De gasten zijn vanavond proeven gaan van de culinaire hoogstandjes.,Auxiliaries,perfect,4126,gaan proeven,
De studenten zijn vandaag gaan discussiëren over het studieprogramma.,De studenten zijn vandaag discussiëren gaan over het studieprogramma.,Auxiliaries,perfect,4127,gaan discussiëren,
De wetenschappers zijn vorige week gaan experimenteren met nieuwe materialen.,De wetenschappers zijn vorige week experimenteren gaan met nieuwe materialen.,Auxiliaries,perfect,4128,gaan experimenteren,
De vrijwilliger is gisteravond gaan helpen bij de daklozenopvang.,De vrijwilliger is gisteravond helpen gaan bij de daklozenopvang.,Auxiliaries,perfect,4129,gaan helpen,
Het gezin is vanochtend gaan ontbijten in het favoriete cafeetje.,Het gezin is vanochtend ontbijten gaan in het favoriete cafeetje.,Auxiliaries,perfect,4130,gaan ontbijten,
De journalisten zijn vandaag gaan rapporteren over de politieke bijeenkomst.,De journalisten zijn vandaag rapporteren gaan over de politieke bijeenkomst.,Auxiliaries,perfect,4131,gaan rapporteren,
De ondernemer is vanmiddag gaan investeren in duurzame projecten.,De ondernemer is vanmiddag investeren gaan in duurzame projecten.,Auxiliaries,perfect,4132,gaan investeren,
De vriendinnen zijn gisteren gaan shoppen voor nieuwe kleding.,De vriendinnen zijn gisteren shoppen gaan voor nieuwe kleding.,Auxiliaries,perfect,4133,gaan shoppen,
De biologen zijn vorige maand nieuwe plantensoorten gaan bestuderen.,De biologen zijn vorige maand nieuwe plantensoorten bestuderen gaan.,Auxiliaries,perfect,4134,gaan bestuderen,
De IT-specialist is vanavond gaan programmeren aan de software-update.,De IT-specialist is vanavond programmeren gaan aan de software-update.,Auxiliaries,perfect,4135,gaan programmeren,
De avonturiers zijn afgelopen weekend gaan kamperen in de bergen.,De avonturiers zijn afgelopen weekend kamperen gaan in de bergen.,Auxiliaries,perfect,4136,gaan kamperen,
De kunstliefhebbers zijn vandaag gaan kijken bij de nieuwe expositie.,De kunstliefhebbers zijn vandaag kijken gaan bij de nieuwe expositie.,Auxiliaries,perfect,4137,gaan kijken,
De docente is vanmorgen gaan uitleggen over de grammaticaregels.,De docente is vanmorgen uitleggen gaan over de grammaticaregels.,Auxiliaries,perfect,4138,gaan uitleggen,
De animator is gisteravond gaan tekenen voor de nieuwe animatiefilm.,De animator is gisteravond tekenen gaan voor de nieuwe animatiefilm.,Auxiliaries,perfect,4139,gaan tekenen,
De trainer is vorige week gaan coachen tijdens de belangrijke wedstrijd.,De trainer is vorige week coachen gaan tijdens de belangrijke wedstrijd.,Auxiliaries,perfect,4140,gaan coachen,
De ontdekkingsreiziger is vanochtend gaan verkennen in het oerwoud.,De ontdekkingsreiziger is vanochtend verkennen gaan in het oerwoud.,Auxiliaries,perfect,4141,gaan verkennen,
De studenten zijn vandaag gaan luisteren naar de inspirerende lezing.,De studenten zijn vandaag luisteren gaan naar de inspirerende lezing.,Auxiliaries,perfect,4142,gaan luisteren,
De tuinders zijn gisteren gaan zaaien voor de nieuwe oogst.,De tuinders zijn gisteren zaaien gaan voor de nieuwe oogst.,Auxiliaries,perfect,4143,gaan zaaien,
De astronaut is vanavond gaan trainen voor de ruimtemissie.,De astronaut is vanavond trainen gaan voor de ruimtemissie.,Auxiliaries,perfect,4144,gaan trainen,
De ingenieurs zijn gisteren nieuwe technologieën gaan ontwikkelen.,De ingenieurs zijn gisteren nieuwe technologieën ontwikkelen gaan.,Auxiliaries,perfect,4145,gaan ontwikkelen,
De manager is vanmiddag gaan overleggen met het team.,De manager is vanmiddag overleggen gaan met het team.,Auxiliaries,perfect,4146,gaan overleggen,
De fietsers zijn vanochtend gaan rijden in het bos.,De fietsers zijn vanochtend rijden gaan in het bos.,Auxiliaries,perfect,4147,gaan rijden,
De gezinnen zijn afgelopen weekend gaan picknicken in het park.,De gezinnen zijn afgelopen weekend picknicken gaan in het park.,Auxiliaries,perfect,4148,gaan picknicken,
De hovenier is vanochtend gaan snoeien in de tuin.,De hovenier is vanochtend snoeien gaan in de tuin.,Auxiliaries,perfect,4149,gaan snoeien,
De presentator is gisteravond gaan presenteren tijdens de show.,De presentator is gisteravond presenteren gaan tijdens de show.,Auxiliaries,perfect,4150,gaan presenteren,
De reizigers zijn vanmiddag gaan ontspannen op het strand.,De reizigers zijn vanmiddag ontspannen gaan op het strand.,Auxiliaries,perfect,4151,gaan ontspannen,
De kinderen zijn vandaag gaan zwemmen in het zwembad.,De kinderen zijn vandaag zwemmen gaan in het zwembad.,Auxiliaries,perfect,4152,gaan zwemmen,
De chef-kok is vanavond eten gaan bereiden voor het culinaire evenement.,De chef-kok is vanavond eten bereiden gaan voor het culinaire evenement.,Auxiliaries,perfect,4153,gaan bereiden,
De scholieren zijn gisteren gaan leren voor de examens.,De scholieren zijn gisteren leren gaan voor de examens.,Auxiliaries,perfect,4154,gaan leren,
De zangeres is vanavond gaan zingen op het podium.,De zangeres is vanavond zingen gaan op het podium.,Auxiliaries,perfect,4155,gaan zingen,
De docenten zijn vandaag gaan onderwijzen over het belangrijke onderwerp.,De docenten zijn vandaag onderwijzen gaan over het belangrijke onderwerp.,Auxiliaries,perfect,4156,gaan onderwijzen,
De werknemers zijn vorige week gaan werken aan het nieuwe project.,De werknemers zijn vorige week werken gaan aan het nieuwe project.,Auxiliaries,perfect,4157,gaan werken,
De mountainbikers zijn gisteren gaan crossen in de bossen.,De mountainbikers zijn gisteren crossen gaan in de bossen.,Auxiliaries,perfect,4158,gaan crossen,
De consultants zijn vanavond gaan adviseren over de bedrijfsstrategie.,De consultants zijn vanavond adviseren gaan over de bedrijfsstrategie.,Auxiliaries,perfect,4159,gaan adviseren,
De wandelaars zijn vanmiddag gaan wandelen in het natuurgebied.,De wandelaars zijn vanmiddag wandelen gaan in het natuurgebied.,Auxiliaries,perfect,4160,gaan wandelen,
De ontwerper is vanochtend gaan schetsen voor het nieuwe project.,De ontwerper is vanochtend schetsen gaan voor het nieuwe project.,Auxiliaries,perfect,4161,gaan schetsen,
De leraren zijn vandaag gaan evalueren over het afgelopen schooljaar.,De leraren zijn vandaag evalueren gaan over het afgelopen schooljaar.,Auxiliaries,perfect,4162,gaan evalueren,
De ondernemers zijn vorige week gaan investeren in nieuwe projecten.,De ondernemers zijn vorige week investeren gaan in nieuwe projecten.,Auxiliaries,perfect,4163,gaan investeren,
De bakkers zijn vandaag gaan bakken voor de bakkerij.,De bakkers zijn vandaag bakken gaan voor de bakkerij.,Auxiliaries,perfect,4164,gaan bakken,
De filmmakers zijn vanochtend gaan filmen voor de documentaire.,De filmmakers zijn vanochtend filmen gaan voor de documentaire.,Auxiliaries,perfect,4165,gaan filmen,
De sporters zijn vorige week gaan trainen voor de competitie.,De sporters zijn vorige week trainen gaan voor de competitie.,Auxiliaries,perfect,4166,gaan trainen,
De klanten zijn vandaag gaan winkelen in de winkelstraat.,De klanten zijn vandaag winkelen gaan in de winkelstraat.,Auxiliaries,perfect,4167,gaan winkelen,
De toeristen zijn vorige maand gaan rondtrekken door Europa.,De toeristen zijn vorige maand rondtrekken gaan door Europa.,Auxiliaries,perfect,4168,gaan rondtrekken,
De medewerkers zijn vandaag gaan brainstormen over nieuwe ideeën.,De medewerkers zijn vandaag brainstormen gaan over nieuwe ideeën.,Auxiliaries,perfect,4169,gaan brainstormen,
De fietsers zijn vanochtend gaan mountainbiken in het bos.,De fietsers zijn vanochtend mountainbiken gaan in het bos.,Auxiliaries,perfect,4170,gaan mountainbiken,
Ik zie dat de acteur gezichtsuitdrukkingen staat te imiteren.,Ik zie dat de acteur staat gezichtsuitdrukkingen te imiteren.,Auxiliaries,semi_aspectual_1,371,gezichtsuitdrukkingen staat,
Jij ziet dat de bokser klappen staat te incasseren.,Jij ziet dat de bokser staat klappen te incasseren.,Auxiliaries,semi_aspectual_1,372,klappen staat,
Ik zie dat de hulpverlener vaccinaties staat te injecteren.,Ik zie dat de hulpverlener staat vaccinaties te injecteren.,Auxiliaries,semi_aspectual_1,373,vaccinaties staat,
Jij ziet dat de psycholoog patiënten zit te kalmeren.,Jij ziet dat de psycholoog zit patiënten te kalmeren.,Auxiliaries,semi_aspectual_1,374,patiënten zit,
Ik zie dat het kind tekeningen zit te kleuren.,Ik zie dat het kind zit tekeningen te kleuren.,Auxiliaries,semi_aspectual_1,375,tekeningen zit,
Jij ziet dat de eigenaar huur staat te innen.,Jij ziet dat de eigenaar staat huur te innen.,Auxiliaries,semi_aspectual_1,376,huur staat,
Ik zie dat de peuter verf zit te knoeien.,Ik zie dat de peuter zit verf te knoeien.,Auxiliaries,semi_aspectual_1,377,verf zit,
Jij ziet dat de pestkop alles zit te bederven.,Jij ziet dat de pestkop zit alles te bederven.,Auxiliaries,semi_aspectual_1,378,alles zit,
Ik zie dat de conciërge papieren staat te kopiëren.,Ik zie dat de conciërge staat papieren te kopiëren.,Auxiliaries,semi_aspectual_1,379,papieren staat,
Jij ziet dat de techneut laptops zit te installeren.,Jij ziet dat de techneut zit laptops te installeren.,Auxiliaries,semi_aspectual_1,380,laptops zit,
Zij ziet dat de kok gerechten staat te bereiden.,Zij ziet dat de kok staat gerechten te bereiden.,Auxiliaries,semi_aspectual_1,4171,gerechten staat,
Hij ziet dat de leraar uitleg staat te geven.,Hij ziet dat de leraar staat uitleg te geven.,Auxiliaries,semi_aspectual_1,4172,uitleg staat,
Wij zien dat de kunstenaar beelden staat te creëren.,Wij zien dat de kunstenaar staat beelden te creëren.,Auxiliaries,semi_aspectual_1,4173,beelden staat,
Zij zien dat de muzikant melodieën staat te componeren.,Zij zien dat de muzikant staat melodieën te componeren.,Auxiliaries,semi_aspectual_1,4174,melodieën staat,
Ik zie dat de atleet oefeningen staat te doen.,Ik zie dat de atleet staat oefeningen te doen.,Auxiliaries,semi_aspectual_1,4175,oefeningen staat,
Hij ziet dat de schrijver verhalen staat te bedenken.,Hij ziet dat de schrijver staat verhalen te bedenken.,Auxiliaries,semi_aspectual_1,4176,verhalen staat,
Wij zien dat de tuinman planten staat te verzorgen.,Wij zien dat de tuinman staat planten te verzorgen.,Auxiliaries,semi_aspectual_1,4177,planten staat,
Zij zien dat de danser choreografieën staat te oefenen.,Zij zien dat de danser staat choreografieën te oefenen.,Auxiliaries,semi_aspectual_1,4178,choreografieën staat,
Ik zie dat de bakker broden staat te bakken.,Ik zie dat de bakker staat broden te bakken.,Auxiliaries,semi_aspectual_1,4179,broden staat,
Hij ziet dat de fotograaf foto's staat te maken.,Hij ziet dat de fotograaf staat foto's te maken.,Auxiliaries,semi_aspectual_1,4180,foto's staat,
Wij zien dat de ober bestellingen staat te noteren.,Wij zien dat de ober staat bestellingen te noteren.,Auxiliaries,semi_aspectual_1,4181,bestellingen staat,
Zij zien dat de wetenschapper experimenten staat te doen.,Zij zien dat de wetenschapper staat experimenten te doen.,Auxiliaries,semi_aspectual_1,4182,experimenten staat,
Ik zie dat de ingenieur machines staat te ontwerpen.,Ik zie dat de ingenieur staat machines te ontwerpen.,Auxiliaries,semi_aspectual_1,4183,machines staat,
Hij ziet dat de verpleegster patiënten staat te verzorgen.,Hij ziet dat de verpleegster staat patiënten te verzorgen.,Auxiliaries,semi_aspectual_1,4184,patiënten staat,
Wij zien dat de piloot vliegtuigen staat te controleren.,Wij zien dat de piloot staat vliegtuigen te controleren.,Auxiliaries,semi_aspectual_1,4185,vliegtuigen staat,
Zij zien dat de schilder doeken staat te schilderen.,Zij zien dat de schilder staat doeken te schilderen.,Auxiliaries,semi_aspectual_1,4186,doeken staat,
Ik zie dat de timmerman meubels staat te construeren.,Ik zie dat de timmerman staat meubels te construeren.,Auxiliaries,semi_aspectual_1,4187,meubels staat,
Hij ziet dat de advocaat dossiers staat te bestuderen.,Hij ziet dat de advocaat staat dossiers te bestuderen.,Auxiliaries,semi_aspectual_1,4188,dossiers staat,
Wij zien dat de boer gewassen staat te verbouwen.,Wij zien dat de boer staat gewassen te verbouwen.,Auxiliaries,semi_aspectual_1,4189,gewassen staat,
Zij zien dat de musicus nummers staat te repeteren.,Zij zien dat de musicus staat nummers te repeteren.,Auxiliaries,semi_aspectual_1,4190,nummers staat,
Ik zie dat de receptionist telefoontjes staat te beantwoorden.,Ik zie dat de receptionist staat telefoontjes te beantwoorden.,Auxiliaries,semi_aspectual_1,4191,telefoontjes staat,
Hij ziet dat de apotheker medicijnen staat te bereiden.,Hij ziet dat de apotheker staat medicijnen te bereiden.,Auxiliaries,semi_aspectual_1,4192,medicijnen staat,
Wij zien dat de ober tafels staat te dekken.,Wij zien dat de ober staat tafels te dekken.,Auxiliaries,semi_aspectual_1,4193,tafels staat,
Zij zien dat de journalist artikelen staat te schrijven.,Zij zien dat de journalist staat artikelen te schrijven.,Auxiliaries,semi_aspectual_1,4194,artikelen staat,
Ik zie dat de trainer spelers staat te coachen.,Ik zie dat de trainer staat spelers te coachen.,Auxiliaries,semi_aspectual_1,4195,spelers staat,
Hij ziet dat de astronaut ruimtepakken staat te inspecteren.,Hij ziet dat de astronaut staat ruimtepakken te inspecteren.,Auxiliaries,semi_aspectual_1,4196,ruimtepakken staat,
Wij zien dat de modeontwerper kledingstukken staat te ontwerpen.,Wij zien dat de modeontwerper staat kledingstukken te ontwerpen.,Auxiliaries,semi_aspectual_1,4197,kledingstukken staat,
Zij zien dat de loodgieter leidingen staat te repareren.,Zij zien dat de loodgieter staat leidingen te repareren.,Auxiliaries,semi_aspectual_1,4198,leidingen staat,
Ik zie dat de docent lesmateriaal staat te voorbereiden.,Ik zie dat de docent staat lesmateriaal te voorbereiden.,Auxiliaries,semi_aspectual_1,4199,lesmateriaal staat,
Hij ziet dat de winkelier producten staat te ordenen.,Hij ziet dat de winkelier staat producten te ordenen.,Auxiliaries,semi_aspectual_1,4200,producten staat,
Ik zie dat de atleet oefeningen staat te doen.,Ik zie dat de atleet staat oefeningen te doen.,Auxiliaries,semi_aspectual_1,4201,oefeningen staat,
Wij zien dat de tuinman planten staat te verzorgen.,Wij zien dat de tuinman staat planten te verzorgen.,Auxiliaries,semi_aspectual_1,4202,planten staat,
Wij zien dat de boer gewassen staat te verbouwen.,Wij zien dat de boer staat gewassen te verbouwen.,Auxiliaries,semi_aspectual_1,4203,gewassen staat,
Ik zie dat de trainer spelers staat te coachen.,Ik zie dat de trainer staat spelers te coachen.,Auxiliaries,semi_aspectual_1,4204,spelers staat,
Ik zie dat de atleet records staat te breken.,Ik zie dat de atleet staat records te breken.,Auxiliaries,semi_aspectual_1,4205,records staat,
Jij ziet dat de kunstenaar schilderijen staat te creëren.,Jij ziet dat de kunstenaar staat schilderijen te creëren.,Auxiliaries,semi_aspectual_1,4206,schilderijen staat,
Hij ziet dat de zanger liederen staat te zingen.,Hij ziet dat de zanger staat liederen te zingen.,Auxiliaries,semi_aspectual_1,4207,liederen staat,
Hij ziet dat de student aantekeningen staat te maken.,Hij ziet dat de student staat aantekeningen te maken.,Auxiliaries,semi_aspectual_1,4208,aantekeningen staat,
Zij ziet dat de chauffeur de bus staat te besturen.,Zij ziet dat de chauffeur staat de bus te besturen.,Auxiliaries,semi_aspectual_1,4209,de bus staat,
Jij ziet dat de verpleegkundige medicijnen staat te verstrekken.,Jij ziet dat de verpleegkundige staat medicijnen te verstrekken.,Auxiliaries,semi_aspectual_1,4210,medicijnen staat,
Hij ziet dat de schilder muren staat te verven.,Hij ziet dat de schilder staat muren te verven.,Auxiliaries,semi_aspectual_1,4211,muren staat,
Zij ziet dat de politieagent verkeer staat te regelen.,Zij ziet dat de politieagent staat verkeer te regelen.,Auxiliaries,semi_aspectual_1,4212,verkeer staat,
Ik zie dat de danser choreografie staat te oefenen.,Ik zie dat de danser staat choreografie te oefenen.,Auxiliaries,semi_aspectual_1,4213,choreografie staat,
Jij ziet dat de schrijver verhalen staat te bedenken.,Jij ziet dat de schrijver staat verhalen te bedenken.,Auxiliaries,semi_aspectual_1,4214,verhalen staat,
Hij ziet dat de receptionist gasten staat te verwelkomen.,Hij ziet dat de receptionist staat gasten te verwelkomen.,Auxiliaries,semi_aspectual_1,4215,gasten staat,
Ik zie dat de ober drankjes staat te serveren.,Ik zie dat de ober staat drankjes te serveren.,Auxiliaries,semi_aspectual_1,4216,drankjes staat,
Ik zie dat de dokter patiënten staat te onderzoeken.,Ik zie dat de dokter staat patiënten te onderzoeken.,Auxiliaries,semi_aspectual_1,4217,patiënten staat,
Zij ziet dat de kapper klanten staat te knippen.,Zij ziet dat de kapper staat klanten te knippen.,Auxiliaries,semi_aspectual_1,4218,klanten staat,
Jij ziet dat de piloot het vliegtuig zit te besturen.,Jij ziet dat de piloot zit het vliegtuig te besturen.,Auxiliaries,semi_aspectual_1,4219,het vliegtuig zit,
Zij hoorde dat de zanger een nieuw lied zit te repeteren.,Zij hoorde dat de zanger zit een nieuw lied te repeteren.,Auxiliaries,semi_aspectual_1,4220,een nieuw lied zit,
Wij merken op dat de chef de ingrediënten zit te mengen.,Wij merken op dat de chef zit de ingrediënten te mengen.,Auxiliaries,semi_aspectual_1,4221,de ingrediënten zit,
Hij voelt dat de atleet zich zit voor te bereiden.,Hij voelt dat de atleet zit zich voor te bereiden.,Auxiliaries,semi_aspectual_1,4222,zich zit,
Jullie zien dat de schilder het canvas zit te beschilderen.,Jullie zien dat de schilder zit het canvas te beschilderen.,Auxiliaries,semi_aspectual_1,4223,het canvas zit,
Zij begreep dat de leerlingen de lesstof zitten te bestuderen.,Zij begreep dat de leerlingen zitten de lesstof te bestuderen.,Auxiliaries,semi_aspectual_1,4224,de lesstof zitten,
Ze constateert dat de wetenschapper proeven zit te doen.,Ze constateert dat de wetenschapper zit proeven te doen.,Auxiliaries,semi_aspectual_1,4225,proeven zit,
Hij erkent dat de acteur zijn tekst zit te memoriseren.,Hij erkent dat de acteur zit zijn tekst te memoriseren.,Auxiliaries,semi_aspectual_1,4226,zijn tekst zit,
Jij begrijpt dat de presentator het programma zit voor te bereiden.,Jij begrijpt dat de presentator zit het programma te voorbereiden.,Auxiliaries,semi_aspectual_1,4227,het programma zit,
Hij herkent dat de hacker systemen zit te infiltreren.,Hij herkent dat de hacker zit systemen te infiltreren.,Auxiliaries,semi_aspectual_1,4228,systemen zit,
Zij zagen dat de dansers een choreografie zitten te oefenen.,Zij zagen dat de dansers zitten een choreografie te oefenen.,Auxiliaries,semi_aspectual_1,4229,een choreografie zitten,
Jullie hoorden dat de kinderen liedjes zitten te zingen.,Jullie hoorden dat de kinderen zitten liedjes te zingen.,Auxiliaries,semi_aspectual_1,4230,liedjes zitten,
We constateren dat de tuinman de planten zit te verzorgen.,We constateren dat de tuinman zit de planten te verzorgen.,Auxiliaries,semi_aspectual_1,4231,de planten zit,
Wij begrepen dat de astronauten zich zitten voor te bereiden op de lancering.,Wij begrepen dat de astronauten zitten zich voor te bereiden op de lancering.,Auxiliaries,semi_aspectual_1,4232,zich zitten,
Jij zag dat de journalist het nieuws zit te verslaan.,Jij zag dat de journalist zit het nieuws te verslaan.,Auxiliaries,semi_aspectual_1,4233,het nieuws zit,
Ze merkten op dat de architect nieuwe ontwerpen zit te maken.,Ze merkten op dat de architect zit nieuwe ontwerpen te maken.,Auxiliaries,semi_aspectual_1,4234,nieuwe ontwerpen zit,
Hij geloofde dat de wetenschappers experimenten zitten te uitvoeren.,Hij geloofde dat de wetenschappers zitten experimenten te uitvoeren.,Auxiliaries,semi_aspectual_1,4235,experimenten zitten,
Jullie begrijpen dat de programmeur code zit te schrijven.,Jullie begrijpen dat de programmeur zit code te schrijven.,Auxiliaries,semi_aspectual_1,4236,code zit,
Ze zagen dat de bakker het deeg zit te kneden.,Ze zagen dat de bakker zit het deeg te kneden.,Auxiliaries,semi_aspectual_1,4237,het deeg zit,
Hij realiseerde zich dat de reizigers de trein zitten te bekijken.,Hij realiseerde zich dat de reizigers zitten de trein te bekijken.,Auxiliaries,semi_aspectual_1,4238,de trein zitten,
Wij hoorden dat de muzikanten een nieuw nummer zitten te componeren.,Wij hoorden dat de muzikanten zitten een nieuw nummer te componeren.,Auxiliaries,semi_aspectual_1,4239,een nieuw nummer zitten,
Ze voelden dat de sporters zich zitten voor te bereiden op de wedstrijd.,Ze voelden dat de sporters zitten zich voor te bereiden op de wedstrijd.,Auxiliaries,semi_aspectual_1,4240,zich zitten,
Wij zien dat de barista koffie zit te brouwen.,Wij zien dat de barista zit koffie te brouwen.,Auxiliaries,semi_aspectual_1,4241,koffie zit,
Ze merkt op dat de studenten de opdrachten zitten te maken.,Ze merkt op dat de studenten zitten de opdrachten te maken.,Auxiliaries,semi_aspectual_1,4242,de opdrachten zitten,
Ik realiseer me dat de schrijver zijn nieuwe roman zit te schrijven.,Ik realiseer me dat de schrijver zit zijn nieuwe roman te schrijven.,Auxiliaries,semi_aspectual_1,4243,zijn nieuwe roman zit,
Hij hoort dat de zangeres haar stem zit in te oefenen.,Hij hoort dat de zangeres zit haar stem in te oefenen.,Auxiliaries,semi_aspectual_1,4244,haar stem zit,
Wij constateren dat de timmerman het hout zit te bewerken.,Wij constateren dat de timmerman zit het hout te bewerken.,Auxiliaries,semi_aspectual_1,4245,het hout zit,
Ze geloven dat de wetenschapper formules zit te berekenen.,Ze geloven dat de wetenschapper zit formules te berekenen.,Auxiliaries,semi_aspectual_1,4246,formules zit,
Ik begrijp dat de ontwikkelaar de software zit te optimaliseren.,Ik begrijp dat de ontwikkelaar zit de software te optimaliseren.,Auxiliaries,semi_aspectual_1,4247,de software zit,
We merken op dat de acteurs hun dialogen zitten te repeteren.,We merken op dat de acteurs zitten hun dialogen te repeteren.,Auxiliaries,semi_aspectual_1,4248,hun dialogen zitten,
Jullie realiseren je dat de trainer de tactieken zit te bespreken.,Jullie realiseren je dat de trainer zit de tactieken te bespreken.,Auxiliaries,semi_aspectual_1,4249,de tactieken zit,
Wij zien dat de tuinman de bloemen zit te verzorgen.,Wij zien dat de tuinman zit de bloemen te verzorgen.,Auxiliaries,semi_aspectual_1,4250,de bloemen zit,
Ik begrijp dat de leraar de leerstof zit te verduidelijken.,Ik begrijp dat de leraar zit de leerstof te verduidelijken.,Auxiliaries,semi_aspectual_1,4251,de leerstof zit,
Hij merkt op dat de chef de gerechten zit te bereiden.,Hij merkt op dat de chef zit de gerechten te bereiden.,Auxiliaries,semi_aspectual_1,4252,de gerechten zit,
Jij hoort dat de dierenarts de dieren zit te onderzoeken.,Jij hoort dat de dierenarts zit de dieren te onderzoeken.,Auxiliaries,semi_aspectual_1,4253,de dieren zit,
Hij constateert dat de manager de strategie zit te verbeteren.,Hij constateert dat de manager zit de strategie te verbeteren.,Auxiliaries,semi_aspectual_1,4254,de strategie zit,
Ze begrijpen dat de politicus zijn toespraak zit te schrijven.,Ze begrijpen dat de politicus zit zijn toespraak te schrijven.,Auxiliaries,semi_aspectual_1,4255,zijn toespraak zit,
Zij begrijpen dat de medewerkers de rapporten zitten te maken.,Zij begrijpen dat de medewerkers zitten de rapporten te maken.,Auxiliaries,semi_aspectual_1,4256,de rapporten zitten,
Ik begrijp dat de programmeur de bugs zit te fixen.,Ik begrijp dat de programmeur zit de bugs te fixen.,Auxiliaries,semi_aspectual_1,4257,de bugs zit,
Wij zien dat de barman de cocktails zit te mixen.,Wij zien dat de barman zit de cocktails te mixen.,Auxiliaries,semi_aspectual_1,4258,de cocktails zit,
Ze zien dat de bouwvakker de constructie zit te bouwen.,Ze zien dat de bouwvakker zit de constructie te bouwen.,Auxiliaries,semi_aspectual_1,4259,de constructie zit,
Jullie begrijpen dat de docent de leerlingen zit te begeleiden.,Jullie begrijpen dat de docent zit de leerlingen te begeleiden.,Auxiliaries,semi_aspectual_1,4260,de leerlingen zit,
Willem heeft de hele dag zitten kletsen op het werk.,Willem heeft de hele dag kletsen zitten op het werk.,Auxiliaries,semi_aspectual_2,381,zitten kletsen,
Lina heeft eigenlijk iedere dag liggen zonnen aan het strand.,Lina heeft eigenlijk iedere dag zonnen liggen aan het strand.,Auxiliaries,semi_aspectual_2,382,liggen zonnen,
Oliver heeft wel tien uur staan werken achter de bar.,Oliver heeft wel tien uur werken staan achter de bar.,Auxiliaries,semi_aspectual_2,383,staan werken,
Fien heeft de hele nacht liggen piekeren over de situatie.,Fien heeft de hele nacht piekeren liggen over de situatie.,Auxiliaries,semi_aspectual_2,384,liggen piekeren,
Daniël heeft de hele avond zitten eten van het buffet.,Daniël heeft de hele avond eten zitten van het buffet.,Auxiliaries,semi_aspectual_2,385,zitten eten,
Elin heeft het hele weekend zitten wachten op een berichtje.,Elin heeft het hele weekend wachten zitten op een berichtje.,Auxiliaries,semi_aspectual_2,386,zitten wachten,
Jake heeft de hele wedstrijd staan juichen voor het team.,Jake heeft de hele wedstrijd juichen staan voor het team.,Auxiliaries,semi_aspectual_2,387,staan juichen,
Sofie heeft eigenlijk alleen maar liggen slapen op de vakantie.,Sofie heeft eigenlijk alleen maar slapen liggen op de vakantie.,Auxiliaries,semi_aspectual_2,388,liggen slapen,
Jason heeft een aantal keer staan schreeuwen naar de televisie.,Jason heeft een aantal keer schreeuwen staan naar de televisie.,Auxiliaries,semi_aspectual_2,389,staan schreeuwen,
Lynn heeft heel erg veel liggen huilen in die tijd.,Lynn heeft heel erg veel huilen liggen in die tijd.,Auxiliaries,semi_aspectual_2,390,liggen huilen,
Tim heeft de hele middag zitten lezen in de bibliotheek.,Tim heeft de hele middag lezen zitten in de bibliotheek.,Auxiliaries,semi_aspectual_2,4261,zitten lezen,
Julia heeft de hele film liggen genieten van het verhaal.,Julia heeft de hele film genieten liggen van het verhaal.,Auxiliaries,semi_aspectual_2,4262,liggen genieten,
Aron heeft een uur staan praten met zijn vrienden.,Aron heeft een uur praten staan met zijn vrienden.,Auxiliaries,semi_aspectual_2,4263,staan praten,
Lisa heeft de hele dag zitten studeren voor haar examen.,Lisa heeft de hele dag studeren zitten voor haar examen.,Auxiliaries,semi_aspectual_2,4264,zitten studeren,
Max heeft de hele week liggen denken aan de vakantie.,Max heeft de hele week denken liggen aan de vakantie.,Auxiliaries,semi_aspectual_2,4265,liggen denken,
Emma heeft de hele ochtend staan koken in de keuken.,Emma heeft de hele ochtend koken staan in de keuken.,Auxiliaries,semi_aspectual_2,4266,staan koken,
Lars heeft gisterenavond zitten luisteren naar muziek.,Lars heeft gisterenavond luisteren zitten naar muziek.,Auxiliaries,semi_aspectual_2,4267,zitten luisteren,
Sophie heeft de hele dag liggen schilderen in haar atelier.,Sophie heeft de hele dag schilderen liggen in haar atelier.,Auxiliaries,semi_aspectual_2,4268,liggen schilderen,
Mark heeft de hele vergadering staan discussiëren over het voorstel.,Mark heeft de hele vergadering discussiëren staan over het voorstel.,Auxiliaries,semi_aspectual_2,4269,staan discussiëren,
Isabel heeft de hele week zitten nadenken over haar beslissing.,Isabel heeft de hele week nadenken zitten over haar beslissing.,Auxiliaries,semi_aspectual_2,4270,zitten nadenken,
Nick heeft de hele avond zitten gamen met zijn vrienden.,Nick heeft de hele avond gamen zitten met zijn vrienden.,Auxiliaries,semi_aspectual_2,4271,zitten gamen,
Anouk heeft de hele dag liggen lezen in het park.,Anouk heeft de hele dag lezen liggen in het park.,Auxiliaries,semi_aspectual_2,4272,liggen lezen,
Thomas heeft urenlang staan praten over zijn reiservaringen.,Thomas heeft urenlang praten staan over zijn reiservaringen.,Auxiliaries,semi_aspectual_2,4273,staan praten,
Eva heeft de hele nacht liggen dromen over een fantastische wereld.,Eva heeft de hele nacht dromen liggen over een fantastische wereld.,Auxiliaries,semi_aspectual_2,4274,liggen dromen,
Bram heeft de hele week staan klussen aan zijn motor.,Bram heeft de hele week klussen staan aan zijn motor.,Auxiliaries,semi_aspectual_2,4275,staan klussen,
Iris heeft de hele dag zitten tekenen in haar schetsboek.,Iris heeft de hele dag tekenen zitten in haar schetsboek.,Auxiliaries,semi_aspectual_2,4276,zitten tekenen,
Rick heeft de hele ochtend liggen uitrusten in bed.,Rick heeft de hele ochtend uitrusten liggen in bed.,Auxiliaries,semi_aspectual_2,4277,liggen uitrusten,
Laura heeft de hele vergadering staan nadenken over het voorstel.,Laura heeft de hele vergadering nadenken staan over het voorstel.,Auxiliaries,semi_aspectual_2,4278,staan nadenken,
Kevin heeft de hele reis zitten genieten van het landschap.,Kevin heeft de hele reis genieten zitten van het landschap.,Auxiliaries,semi_aspectual_2,4279,zitten genieten,
Nina heeft de hele dag liggen puzzelen aan de keukentafel.,Nina heeft de hele dag puzzelen liggen aan de keukentafel.,Auxiliaries,semi_aspectual_2,4280,liggen puzzelen,
Jordy heeft de hele avond staan dansen op het feest.,Jordy heeft de hele avond dansen staan op het feest.,Auxiliaries,semi_aspectual_2,4281,staan dansen,
Maartje heeft de hele week zitten plannen voor haar verjaardagsfeest.,Maartje heeft de hele week plannen zitten voor haar verjaardagsfeest.,Auxiliaries,semi_aspectual_2,4282,zitten plannen,
Simon heeft de hele dag liggen werken in de tuin.,Simon heeft de hele dag werken liggen in de tuin.,Auxiliaries,semi_aspectual_2,4283,liggen werken,
Nina heeft de hele dag staan schilderen in haar atelier.,Nina heeft de hele dag schilderen staan in haar atelier.,Auxiliaries,semi_aspectual_2,4284,staan schilderen,
Lars heeft de hele avond zitten genieten van de zonsondergang.,Lars heeft de hele avond genieten zitten van de zonsondergang.,Auxiliaries,semi_aspectual_2,4285,zitten genieten,
Elise heeft de hele week liggen nadenken over haar toekomstplannen.,Elise heeft de hele week nadenken liggen over haar toekomstplannen.,Auxiliaries,semi_aspectual_2,4286,liggen nadenken,
Martijn heeft de hele dag staan opruimen in huis.,Martijn heeft de hele dag opruimen staan in huis.,Auxiliaries,semi_aspectual_2,4287,staan opruimen,
Sophie heeft de hele ochtend liggen oefenen op haar instrument.,Sophie heeft de hele ochtend oefenen liggen op haar instrument.,Auxiliaries,semi_aspectual_2,4288,liggen oefenen,
Stefan heeft de hele dag zitten studeren voor zijn examen.,Stefan heeft de hele dag studeren zitten voor zijn examen.,Auxiliaries,semi_aspectual_2,4289,zitten studeren,
Eva heeft de hele week liggen genieten van haar vakantie.,Eva heeft de hele week genieten liggen van haar vakantie.,Auxiliaries,semi_aspectual_2,4290,liggen genieten,
Lisa heeft de hele dag liggen tekenen in haar schetsboek.,Lisa heeft de hele dag tekenen liggen in haar schetsboek.,Auxiliaries,semi_aspectual_2,4291,liggen tekenen,
Lars heeft de hele avond staan koken voor zijn gasten.,Lars heeft de hele avond koken staan voor zijn gasten.,Auxiliaries,semi_aspectual_2,4292,staan koken,
Julia heeft de hele week zitten nadenken over haar beslissing.,Julia heeft de hele week nadenken zitten over haar beslissing.,Auxiliaries,semi_aspectual_2,4293,zitten nadenken,
Martijn heeft de hele vergadering staan luisteren naar de discussie.,Martijn heeft de hele vergadering luisteren staan naar de discussie.,Auxiliaries,semi_aspectual_2,4294,staan luisteren,
Elise heeft de hele dag lopen winkelen in de stad.,Elise heeft de hele dag winkelen lopen in de stad.,Auxiliaries,semi_aspectual_2,4295,lopen winkelen,
Tim heeft de hele ochtend staan wachten op de trein.,Tim heeft de hele ochtend wachten staan op de trein.,Auxiliaries,semi_aspectual_2,4296,staan wachten,
Sophie heeft de hele dag liggen schrijven aan haar roman.,Sophie heeft de hele dag schrijven liggen aan haar roman.,Auxiliaries,semi_aspectual_2,4297,liggen schrijven,
Ruben heeft de hele week zitten klussen in zijn werkplaats.,Ruben heeft de hele week klussen zitten in zijn werkplaats.,Auxiliaries,semi_aspectual_2,4298,zitten klussen,
Eline heeft de hele dag staan fotograferen in de natuur.,Eline heeft de hele dag fotograferen staan in de natuur.,Auxiliaries,semi_aspectual_2,4299,staan fotograferen,
Daan heeft de hele avond liggen genieten van het concert.,Daan heeft de hele avond genieten liggen van het concert.,Auxiliaries,semi_aspectual_2,4300,liggen genieten,
Emma heeft de hele dag staan werken aan haar project.,Emma heeft de hele dag werken staan aan haar project.,Auxiliaries,semi_aspectual_2,4301,staan werken,
Thijs heeft de hele week zitten studeren voor de toets.,Thijs heeft de hele week studeren zitten voor de toets.,Auxiliaries,semi_aspectual_2,4302,zitten studeren,
Laura heeft de hele dag liggen lezen in de bibliotheek.,Laura heeft de hele dag lezen liggen in de bibliotheek.,Auxiliaries,semi_aspectual_2,4303,liggen lezen,
Robin heeft de hele avond staan dansen op het feest.,Robin heeft de hele avond dansen staan op het feest.,Auxiliaries,semi_aspectual_2,4304,staan dansen,
Isabel heeft de hele dag liggen dagdromen in de tuin.,Isabel heeft de hele dag dagdromen liggen in de tuin.,Auxiliaries,semi_aspectual_2,4305,liggen dagdromen,
Ruben heeft de hele week zitten nadenken over zijn keuze.,Ruben heeft de hele week nadenken zitten over zijn keuze.,Auxiliaries,semi_aspectual_2,4306,zitten nadenken,
Anouk heeft de hele dag staan schilderen in haar atelier.,Anouk heeft de hele dag schilderen staan in haar atelier.,Auxiliaries,semi_aspectual_2,4307,staan schilderen,
Simon heeft de hele ochtend staan oefenen op zijn gitaar.,Simon heeft de hele ochtend oefenen staan op zijn gitaar.,Auxiliaries,semi_aspectual_2,4308,staan oefenen,
Nina heeft de hele week zitten opruimen in haar kamer.,Nina heeft de hele week opruimen zitten in haar kamer.,Auxiliaries,semi_aspectual_2,4309,zitten opruimen,
Lisa heeft de hele dag liggen genieten van haar vrije dag.,Lisa heeft de hele dag genieten liggen van haar vrije dag.,Auxiliaries,semi_aspectual_2,4310,liggen genieten,
Thomas heeft de hele week zitten plannen voor zijn reis.,Thomas heeft de hele week plannen zitten voor zijn reis.,Auxiliaries,semi_aspectual_2,4311,zitten plannen,
Sophie heeft de hele dag staan sporten in de sportschool.,Sophie heeft de hele dag sporten staan in de sportschool.,Auxiliaries,semi_aspectual_2,4312,staan sporten,
Lars heeft de hele avond liggen praten met zijn beste vriend.,Lars heeft de hele avond praten liggen met zijn beste vriend.,Auxiliaries,semi_aspectual_2,4313,liggen praten,
Ruben heeft de hele week staan nadenken over zijn carrière.,Ruben heeft de hele week nadenken staan over zijn carrière.,Auxiliaries,semi_aspectual_2,4314,staan nadenken,
Isabel heeft de hele avond liggen lezen in haar favoriete boek.,Isabel heeft de hele avond lezen liggen in haar favoriete boek.,Auxiliaries,semi_aspectual_2,4315,liggen lezen,
Tim heeft de hele dag staan werken aan zijn project.,Tim heeft de hele dag werken staan aan zijn project.,Auxiliaries,semi_aspectual_2,4316,staan werken,
Martijn heeft de hele ochtend liggen uitrusten in zijn bed.,Martijn heeft de hele ochtend uitrusten liggen in zijn bed.,Auxiliaries,semi_aspectual_2,4317,liggen uitrusten,
Eline heeft de hele dag zitten schrijven aan haar roman.,Eline heeft de hele dag schrijven zitten aan haar roman.,Auxiliaries,semi_aspectual_2,4318,zitten schrijven,
Lisa heeft de hele dag staan koken voor haar familie.,Lisa heeft de hele dag koken staan voor haar familie.,Auxiliaries,semi_aspectual_2,4319,staan koken,
Daan heeft de hele week zitten plannen voor zijn verjaardag.,Daan heeft de hele week plannen zitten voor zijn verjaardag.,Auxiliaries,semi_aspectual_2,4320,zitten plannen,
Arjen heeft de hele nacht liggen denken aan zijn toekomst.,Arjen heeft de hele nacht denken liggen aan zijn toekomst.,Auxiliaries,semi_aspectual_2,4321,liggen denken,
Emma heeft urenlang staan praten met haar vrienden.,Emma heeft urenlang praten staan met haar vrienden.,Auxiliaries,semi_aspectual_2,4322,staan praten,
Anouk heeft de hele film liggen genieten van het verhaal.,Anouk heeft de hele film genieten liggen van het verhaal.,Auxiliaries,semi_aspectual_2,4323,liggen genieten,
Thijs heeft de hele dag staan klussen in de garage.,Thijs heeft de hele dag klussen staan in de garage.,Auxiliaries,semi_aspectual_2,4324,staan klussen,
Laura heeft de hele reis liggen slapen in de trein.,Laura heeft de hele reis slapen liggen in de trein.,Auxiliaries,semi_aspectual_2,4325,liggen slapen,
Tim heeft urenlang staan wachten op de bus.,Tim heeft urenlang wachten staan op de bus.,Auxiliaries,semi_aspectual_2,4326,staan wachten,
Iris heeft de hele dag zitten schilderen in haar atelier.,Iris heeft de hele dag schilderen zitten in haar atelier.,Auxiliaries,semi_aspectual_2,4327,zitten schilderen,
Emily heeft de hele week liggen piekeren over haar toekomst.,Emily heeft de hele week piekeren liggen over haar toekomst.,Auxiliaries,semi_aspectual_2,4328,liggen piekeren,
Lars heeft de hele ochtend staan poetsen in zijn huis.,Lars heeft de hele ochtend poetsen staan in zijn huis.,Auxiliaries,semi_aspectual_2,4329,staan poetsen,
Joris heeft de hele week zitten werken aan zijn scriptie.,Joris heeft de hele week werken zitten aan zijn scriptie.,Auxiliaries,semi_aspectual_2,4330,zitten werken,
Nina heeft de hele dag zitten oefenen voor haar pianoconcert.,Nina heeft de hele dag oefenen zitten voor haar pianoconcert.,Auxiliaries,semi_aspectual_2,4331,zitten oefenen,
Lucas heeft de hele week liggen klussen aan zijn motorfiets.,Lucas heeft de hele week klussen liggen aan zijn motorfiets.,Auxiliaries,semi_aspectual_2,4332,liggen klussen,
Timo heeft de hele dag liggen chillen in het park.,Timo heeft de hele dag chillen liggen in het park.,Auxiliaries,semi_aspectual_2,4333,liggen chillen,
Julia heeft urenlang staan brainstormen over creatieve ideeën.,Julia heeft urenlang brainstormen staan over creatieve ideeën.,Auxiliaries,semi_aspectual_2,4334,staan brainstormen,
Wouter heeft de hele ochtend zitten lezen in zijn favoriete boek.,Wouter heeft de hele ochtend lezen zitten in zijn favoriete boek.,Auxiliaries,semi_aspectual_2,4335,zitten lezen,
Thomas heeft de hele avond liggen luisteren naar muziek.,Thomas heeft de hele avond luisteren liggen naar muziek.,Auxiliaries,semi_aspectual_2,4336,liggen luisteren,
Emma heeft de hele week staan repeteren voor het toneelstuk.,Emma heeft de hele week repeteren staan voor het toneelstuk.,Auxiliaries,semi_aspectual_2,4337,staan repeteren,
Finn heeft de hele dag liggen relaxen in zijn hangmat.,Finn heeft de hele dag relaxen liggen in zijn hangmat.,Auxiliaries,semi_aspectual_2,4338,liggen relaxen,
Pien heeft de hele nacht staan staren naar de sterren.,Pien heeft de hele nacht staren staan naar de sterren.,Auxiliaries,semi_aspectual_2,4339,staan staren,
Nova heeft de hele middag staan zonnen in de tuin.,Nova heeft de hele middag zonnen staan in de tuin.,Auxiliaries,semi_aspectual_2,4340,staan zonnen,
Daan heeft de hele avond liggen praten met vrienden.,Daan heeft de hele avond praten liggen met vrienden.,Auxiliaries,semi_aspectual_2,4341,liggen praten,
Jeroen heeft de hele avond liggen genieten van de zonsondergang.,Jeroen heeft de hele avond genieten liggen van de zonsondergang.,Auxiliaries,semi_aspectual_2,4342,liggen genieten,
Thijs heeft een paar uur staan wachten op het vliegveld.,Thijs heeft een paar uur wachten staan op het vliegveld.,Auxiliaries,semi_aspectual_2,4343,staan wachten,
Sam heeft de hele middag liggen zonnen in de tuin.,Sam heeft de hele middag zonnen liggen in de tuin.,Auxiliaries,semi_aspectual_2,4344,liggen zonnen,
Nina heeft een tijdje liggen wachten op de dokter.,Nina heeft een tijdje wachten liggen op de dokter.,Auxiliaries,semi_aspectual_2,4345,liggen wachten,
Sophie heeft de hele avond staan zingen in het koor.,Sophie heeft de hele avond zingen staan in het koor.,Auxiliaries,semi_aspectual_2,4346,staan zingen,
Milan heeft de hele week staan trainen voor het toernooi.,Milan heeft de hele week trainen staan voor het toernooi.,Auxiliaries,semi_aspectual_2,4347,staan trainen,
Joost heeft de hele dag staan fotograferen in de natuur.,Joost heeft de hele dag fotograferen staan in de natuur.,Auxiliaries,semi_aspectual_2,4348,staan fotograferen,
Niels heeft wel tien minuten staan zoeken naar zijn sleutels.,Niels heeft wel tien minuten zoeken staan naar zijn sleutels.,Auxiliaries,semi_aspectual_2,4349,staan zoeken,
Tess heeft de hele avond liggen kletsen met haar vriendinnen.,Tess heeft de hele avond kletsen liggen met haar vriendinnen.,Auxiliaries,semi_aspectual_2,4350,liggen kletsen,
Ik denk dat jij ziek gaat worden op de boot.,Ik denk dat jij ziek worden gaat op de boot.,Auxiliaries,order_1,391,gaat worden,
Ik verwacht dat jij bang gaat worden in het spookhuis.,Ik verwacht dat jij bang worden gaat in het spookhuis.,Auxiliaries,order_1,392,gaat worden,
Ik geloof dat jij verdrietig gaat worden tijdens de uitvaart.,Ik geloof dat jij verdrietig worden gaat tijdens de uitvaart.,Auxiliaries,order_1,393,gaat worden,
Ik weet dat jij boos gaat worden op de reünie.,Ik weet dat jij boos worden gaat op de reünie.,Auxiliaries,order_1,394,gaat worden,
Ik weet dat jij vrolijk gaat worden van die muziek.,Ik weet dat jij vrolijk worden gaat van die muziek.,Auxiliaries,order_1,395,gaat worden,
Ik denk dat jij nieuwsgierig gaat worden na die hints.,Ik denk dat jij nieuwsgierig worden gaat na die hints.,Auxiliaries,order_1,396,gaat worden,
Ik verwacht dat jij zenuwachtig gaat worden voor de sollicitatie.,Ik verwacht dat jij zenuwachtig worden gaat voor de sollicitatie.,Auxiliaries,order_1,397,gaat worden,
Ik geloof dat jij enthousiast gaat worden na de onthulling.,Ik geloof dat jij enthousiast worden gaat na de onthulling.,Auxiliaries,order_1,398,gaat worden,
Ik denk dat jij ongelukkig gaat worden in die relatie.,Ik denk dat jij ongelukkig worden gaat in die relatie.,Auxiliaries,order_1,399,gaat worden,
Ik weet dat jij ongerust gaat worden na dit nieuws.,Ik weet dat jij ongerust worden gaat na dit nieuws.,Auxiliaries,order_1,400,gaat worden,
Ik verwacht dat jij moe gaat worden van de lange reis.,Ik verwacht dat jij moe worden gaat van de lange reis.,Auxiliaries,order_1,4351,gaat worden,
Ik geloof dat jij trots gaat worden op je prestatie.,Ik geloof dat jij trots worden gaat op je prestatie.,Auxiliaries,order_1,4352,gaat worden,
Ik denk dat jij verbaasd gaat worden door het plot van het boek.,Ik denk dat jij verbaasd worden gaat door het plot van het boek.,Auxiliaries,order_1,4353,gaat worden,
Ik weet dat jij geïrriteerd gaat worden door dat lawaai.,Ik weet dat jij geïrriteerd worden gaat door dat lawaai.,Auxiliaries,order_1,4354,gaat worden,
Ik verwacht dat jij blij gaat worden van het cadeau.,Ik verwacht dat jij blij worden gaat van het cadeau.,Auxiliaries,order_1,4355,gaat worden,
Ik denk dat jij geschokt gaat worden door het nieuws.,Ik denk dat jij geschokt worden gaat door het nieuws.,Auxiliaries,order_1,4356,gaat worden,
Ik geloof dat jij ontroerd gaat worden door die film.,Ik geloof dat jij ontroerd worden gaat door die film.,Auxiliaries,order_1,4357,gaat worden,
Ik weet dat jij nieuwsgierig gaat worden door dat mysterie.,Ik weet dat jij nieuwsgierig worden gaat door dat mysterie.,Auxiliaries,order_1,4358,gaat worden,
Ik verwacht dat jij hongerig gaat worden na deze sportles.,Ik verwacht dat jij hongerig worden gaat na deze sportles.,Auxiliaries,order_1,4359,gaat worden,
Ik denk dat jij gestrest gaat worden door de drukte.,Ik denk dat jij gestrest worden gaat door de drukte.,Auxiliaries,order_1,4360,gaat worden,
Ik weet dat jij opgewonden gaat worden van dat vooruitzicht.,Ik weet dat jij opgewonden worden gaat van dat vooruitzicht.,Auxiliaries,order_1,4361,gaat worden,
De kinderen denken dat de clown eng gaat worden op het feest.,De kinderen denken dat de clown eng worden gaat op het feest.,Auxiliaries,order_1,4362,gaat worden,
De chef verwacht dat het nieuwe gerecht populair gaat worden in het restaurant.,De chef verwacht dat het nieuwe gerecht populair worden gaat in het restaurant.,Auxiliaries,order_1,4363,gaat worden,
Mijn vriendin gelooft dat het weer slecht gaat worden tijdens het weekend.,Mijn vriendin gelooft dat het weer slecht worden gaat tijdens het weekend.,Auxiliaries,order_1,4364,gaat worden,
De wetenschappers weten dat het klimaat onvoorspelbaar gaat worden in de toekomst.,De wetenschappers weten dat het klimaat onvoorspelbaar worden gaat in de toekomst.,Auxiliaries,order_1,4365,gaat worden,
De leraar denkt dat de les saai gaat worden zonder interactie.,De leraar denkt dat de les saai worden gaat zonder interactie.,Auxiliaries,order_1,4366,gaat worden,
De hondeneigenaar verwacht dat zijn puppy gehoorzaam gaat worden na de training.,De hondeneigenaar verwacht dat zijn puppy gehoorzaam worden gaat na de training.,Auxiliaries,order_1,4367,gaat worden,
De reiziger gelooft dat de reis avontuurlijk gaat worden door de onbekende bestemming.,De reiziger gelooft dat de reis avontuurlijk worden gaat door de onbekende bestemming.,Auxiliaries,order_1,4368,gaat worden,
De studenten weten dat het examen moeilijk gaat worden vanwege de complexe vragen.,De studenten weten dat het examen moeilijk worden gaat vanwege de complexe vragen.,Auxiliaries,order_1,4369,gaat worden,
De acteur denkt dat de scène dramatisch gaat worden met de juiste emoties.,De acteur denkt dat de scène dramatisch worden gaat met de juiste emoties.,Auxiliaries,order_1,4370,gaat worden,
De tuinman verwacht dat de bloemen prachtig gaan worden na de regen.,De tuinman verwacht dat de bloemen prachtig worden gaan na de regen.,Auxiliaries,order_1,4371,gaan worden,
De sporter gelooft dat zijn prestaties beter gaan worden met intensievere training.,De sporter gelooft dat zijn prestaties beter worden gaan met intensievere training.,Auxiliaries,order_1,4372,gaan worden,
De schrijver weet dat het verhaal interessant gaat worden met de onthulling.,De schrijver weet dat het verhaal interessant worden gaat met de onthulling.,Auxiliaries,order_1,4373,gaat worden,
De muzikant verwacht dat het concert spectaculair gaat worden met de speciale effecten.,De muzikant verwacht dat het concert spectaculair worden gaat met de speciale effecten.,Auxiliaries,order_1,4374,gaat worden,
De kok denkt dat het gerecht heerlijk gaat worden met de verse ingrediënten.,De kok denkt dat het gerecht heerlijk worden gaat met de verse ingrediënten.,Auxiliaries,order_1,4375,gaat worden,
De fotograaf gelooft dat de foto uniek gaat worden door de perfecte compositie.,De fotograaf gelooft dat de foto uniek worden gaat door de perfecte compositie.,Auxiliaries,order_1,4376,gaat worden,
De wetenschapper weet dat de ontdekking revolutionair gaat worden in de industrie.,De wetenschapper weet dat de ontdekking revolutionair worden gaat in de industrie.,Auxiliaries,order_1,4377,gaat worden,
De arts verwacht dat de behandeling effectief gaat worden voor de patiënt.,De arts verwacht dat de behandeling effectief worden gaat voor de patiënt.,Auxiliaries,order_1,4378,gaat worden,
De gamer denkt dat het nieuwe spel uitdagend gaat worden met complexe levels.,De gamer denkt dat het nieuwe spel uitdagend worden gaat met complexe levels.,Auxiliaries,order_1,4379,gaat worden,
De politicus gelooft dat het beleid positief gaat worden voor de samenleving.,De politicus gelooft dat het beleid positief worden gaat voor de samenleving.,Auxiliaries,order_1,4380,gaat worden,
De ontwerper weet dat de modecollectie trendy gaat worden met innovatieve ontwerpen.,De ontwerper weet dat de modecollectie trendy worden gaat met innovatieve ontwerpen.,Auxiliaries,order_1,4381,gaat worden,
De astronoom verwacht dat de sterrenhemel helder gaat worden vanavond.,De astronoom verwacht dat de sterrenhemel helder worden gaat vanavond.,Auxiliaries,order_1,4382,gaat worden,
De ingenieur denkt dat het project succesvol gaat worden met de juiste strategie.,De ingenieur denkt dat het project succesvol worden gaat met de juiste strategie.,Auxiliaries,order_1,4383,gaat worden,
De danser gelooft dat de choreografie indrukwekkend gaat worden met de juiste timing.,De danser gelooft dat de choreografie indrukwekkend worden gaat met de juiste timing.,Auxiliaries,order_1,4384,gaat worden,
De historicus weet dat het boek informatief gaat worden met gedetailleerd onderzoek.,De historicus weet dat het boek informatief worden gaat met gedetailleerd onderzoek.,Auxiliaries,order_1,4385,gaat worden,
De avonturier verwacht dat de expeditie spannend gaat worden in de onbekende wildernis.,De avonturier verwacht dat de expeditie spannend worden gaat in de onbekende wildernis.,Auxiliaries,order_1,4386,gaat worden,
De lerares denkt dat de les begrijpelijk gaat worden met duidelijke uitleg.,De lerares denkt dat de les begrijpelijk worden gaat met duidelijke uitleg.,Auxiliaries,order_1,4387,gaat worden,
De wetenschapper verwacht dat de ontdekking baanbrekend gaat worden in het vakgebied.,De wetenschapper verwacht dat de ontdekking baanbrekend worden gaat in het vakgebied.,Auxiliaries,order_1,4388,gaat worden,
De coach gelooft dat het team sterk gaat worden met intensieve training.,De coach gelooft dat het team sterk worden gaat met intensieve training.,Auxiliaries,order_1,4389,gaat worden,
De filmregisseur weet dat de film meeslepend gaat worden met een boeiend verhaal.,De filmregisseur weet dat de film meeslepend worden gaat met een boeiend verhaal.,Auxiliaries,order_1,4390,gaat worden,
De zangeres denkt dat het concert onvergetelijk gaat worden met de nieuwe setlist.,De zangeres denkt dat het concert onvergetelijk worden gaat met de nieuwe setlist.,Auxiliaries,order_1,4391,gaat worden,
De ontdekkingsreiziger verwacht dat de expeditie avontuurlijk gaat worden in de jungle.,De ontdekkingsreiziger verwacht dat de expeditie avontuurlijk worden gaat in de jungle.,Auxiliaries,order_1,4392,gaat worden,
De modeontwerper gelooft dat de modeshow spectaculair gaat worden met unieke outfits.,De modeontwerper gelooft dat de modeshow spectaculair worden gaat met unieke outfits.,Auxiliaries,order_1,4393,gaat worden,
De wetenschapper weet dat het onderzoek baanbrekend gaat worden met nieuwe ontdekkingen.,De wetenschapper weet dat het onderzoek baanbrekend worden gaat met nieuwe ontdekkingen.,Auxiliaries,order_1,4394,gaat worden,
De atleet denkt dat de wedstrijd intensief gaat worden met sterke tegenstanders.,De atleet denkt dat de wedstrijd intensief worden gaat met sterke tegenstanders.,Auxiliaries,order_1,4395,gaat worden,
De leraar verwacht dat de excursie educatief gaat worden met interessante informatie.,De leraar verwacht dat de excursie educatief worden gaat met interessante informatie.,Auxiliaries,order_1,4396,gaat worden,
De kunstenaar gelooft dat het schilderij expressief gaat worden met levendige kleuren.,De kunstenaar gelooft dat het schilderij expressief worden gaat met levendige kleuren.,Auxiliaries,order_1,4397,gaat worden,
De ondernemer weet dat het bedrijf succesvol gaat worden met een innovatieve strategie.,De ondernemer weet dat het bedrijf succesvol worden gaat met een innovatieve strategie.,Auxiliaries,order_1,4398,gaat worden,
De comedian denkt dat de voorstelling grappig gaat worden met nieuwe humor.,De comedian denkt dat de voorstelling grappig worden gaat met nieuwe humor.,Auxiliaries,order_1,4399,gaat worden,
De bioloog verwacht dat het ecosysteem evenwichtig gaat worden met herstelmaatregelen.,De bioloog verwacht dat het ecosysteem evenwichtig worden gaat met herstelmaatregelen.,Auxiliaries,order_1,4400,gaat worden,
De rechter weet dat het vonnis rechtvaardig gaat worden met zorgvuldige overweging.,De rechter weet dat het vonnis rechtvaardig worden gaat met zorgvuldige overweging.,Auxiliaries,order_1,4401,gaat worden,
De kok verwacht dat het recept verrukkelijk gaat worden met hoogwaardige ingrediënten.,De kok verwacht dat het recept verrukkelijk worden gaat met hoogwaardige ingrediënten.,Auxiliaries,order_1,4402,gaat worden,
De schrijver denkt dat het boek intrigerend gaat worden met een onverwachte wending.,De schrijver denkt dat het boek intrigerend worden gaat met een onverwachte wending.,Auxiliaries,order_1,4403,gaat worden,
De wetenschapper gelooft dat de theorie bewezen gaat worden met experimenten.,De wetenschapper gelooft dat de theorie bewezen worden gaat met experimenten.,Auxiliaries,order_1,4404,gaat worden,
De fotograaf weet dat de foto betoverend gaat worden met het perfecte licht.,De fotograaf weet dat de foto betoverend worden gaat met het perfecte licht.,Auxiliaries,order_1,4405,gaat worden,
De psycholoog verwacht dat de therapie effectief gaat worden met de juiste aanpak.,De psycholoog verwacht dat de therapie effectief worden gaat met de juiste aanpak.,Auxiliaries,order_1,4406,gaat worden,
De musicus denkt dat het concert harmonieus gaat worden met goed samenspel.,De musicus denkt dat het concert harmonieus worden gaat met goed samenspel.,Auxiliaries,order_1,4407,gaat worden,
De architect weet dat het gebouw indrukwekkend gaat worden met een uniek ontwerp.,De architect weet dat het gebouw indrukwekkend worden gaat met een uniek ontwerp.,Auxiliaries,order_1,4408,gaat worden,
De astronaut gelooft dat de ruimtemissie succesvol gaat worden met geavanceerde technologie.,De astronaut gelooft dat de ruimtemissie succesvol worden gaat met geavanceerde technologie.,Auxiliaries,order_1,4409,gaat worden,
De docent denkt dat de les boeiend gaat worden met interactieve leermiddelen.,De docent denkt dat de les boeiend worden gaat met interactieve leermiddelen.,Auxiliaries,order_1,4410,gaat worden,
De avonturier verwacht dat de expeditie uitdagend gaat worden met ruige terreinen.,De avonturier verwacht dat de expeditie uitdagend worden gaat met ruige terreinen.,Auxiliaries,order_1,4411,gaat worden,
De historicus weet dat het museumbezoek leerzaam gaat worden met interessante artefacten.,De historicus weet dat het museumbezoek leerzaam worden gaat met interessante artefacten.,Auxiliaries,order_1,4412,gaat worden,
De econoom gelooft dat het beleid gunstig gaat worden voor de economie.,De econoom gelooft dat het beleid gunstig worden gaat voor de economie.,Auxiliaries,order_1,4413,gaat worden,
De lerares denkt dat het schoolproject educatief gaat worden met interactieve elementen.,De lerares denkt dat het schoolproject educatief worden gaat met interactieve elementen.,Auxiliaries,order_1,4414,gaat worden,
De reiziger gelooft dat de vakantie ontspannend gaat worden met prachtige natuur.,De reiziger gelooft dat de vakantie ontspannend worden gaat met prachtige natuur.,Auxiliaries,order_1,4415,gaat worden,
De skiër verwacht dat de afdaling spannend gaat worden met steile hellingen.,De skiër verwacht dat de afdaling spannend worden gaat met steile hellingen.,Auxiliaries,order_1,4416,gaat worden,
De wintersportliefhebber weet dat de skitocht adembenemend gaat worden met mooie uitzichten.,De wintersportliefhebber weet dat de skitocht adembenemend worden gaat met mooie uitzichten.,Auxiliaries,order_1,4417,gaat worden,
De snowboardinstructeur weet dat de les leerzaam gaat worden voor beginners.,De snowboardinstructeur weet dat de les leerzaam worden gaat voor beginners.,Auxiliaries,order_1,4418,gaat worden,
De natuurliefhebber gelooft dat het bos in de herfst prachtig gaat worden met gekleurde bladeren.,De natuurliefhebber gelooft dat het bos in de herfst prachtig worden gaat met gekleurde bladeren.,Auxiliaries,order_1,4419,gaat worden,
De vogelaar verwacht dat de vogeltrek fascinerend gaat worden met diverse vogelsoorten.,De vogelaar verwacht dat de vogeltrek fascinerend worden gaat met diverse vogelsoorten.,Auxiliaries,order_1,4420,gaat worden,
De wandelaar denkt dat het uitzicht vanaf de bergtop adembenemend gaat worden bij zonsondergang.,De wandelaar denkt dat het uitzicht vanaf de bergtop adembenemend worden gaat bij zonsondergang.,Auxiliaries,order_1,4421,gaat worden,
De botanicus gelooft dat de bloemenpracht in de lente overweldigend gaat worden met bloeiende kleuren.,De botanicus gelooft dat de bloemenpracht in de lente overweldigend worden gaat met bloeiende kleuren.,Auxiliaries,order_1,4422,gaat worden,
De tuinier denkt dat de moestuin vruchtbaar gaat worden met de juiste verzorging.,De tuinier denkt dat de moestuin vruchtbaar worden gaat met de juiste verzorging.,Auxiliaries,order_1,4423,gaat worden,
De weerman denkt dat het weer onvoorspelbaar gaat worden met wisselende omstandigheden.,De weerman denkt dat het weer onvoorspelbaar worden gaat met wisselende omstandigheden.,Auxiliaries,order_1,4424,gaat worden,
Zij voorspelt dat het feest leuk gaat worden.,Zij voorspelt dat het feest leuk worden gaat.,Auxiliaries,order_1,4425,gaat worden,
Hij denkt dat het project succesvol gaat worden.,Hij denkt dat het project succesvol worden gaat.,Auxiliaries,order_1,4426,gaat worden,
Wij geloven dat het weer mooi gaat worden morgen.,Wij geloven dat het weer mooi worden gaat morgen.,Auxiliaries,order_1,4427,gaat worden,
Zij weten dat de film spannend gaat worden.,Zij weten dat de film spannend worden gaat.,Auxiliaries,order_1,4428,gaat worden,
Ik verwacht dat de presentatie interessant gaat worden.,Ik verwacht dat de presentatie interessant worden gaat.,Auxiliaries,order_1,4429,gaat worden,
Wij denken dat de maaltijd heerlijk gaat worden.,Wij denken dat de maaltijd heerlijk worden gaat.,Auxiliaries,order_1,4430,gaat worden,
Wij verwachten dat de presentatie duidelijk gaat worden.,Wij verwachten dat de presentatie duidelijk worden gaat.,Auxiliaries,order_1,4431,gaat worden,
Hij denkt dat de stad levendig gaat worden tijdens het festival.,Hij denkt dat de stad levendig worden gaat tijdens het festival.,Auxiliaries,order_1,4432,gaat worden,
Zij geloven dat de voorstelling boeiend gaat worden.,Zij geloven dat de voorstelling boeiend worden gaat.,Auxiliaries,order_1,4433,gaat worden,
Wij weten dat het evenement groots gaat worden.,Wij weten dat het evenement groots worden gaat.,Auxiliaries,order_1,4434,gaat worden,
Wij geloven dat de markt druk gaat worden.,Wij geloven dat de markt druk worden gaat.,Auxiliaries,order_1,4435,gaat worden,
De ridder verwacht dat het toernooi spannend gaat worden met felle gevechten.,De ridder verwacht dat het toernooi spannend worden gaat met felle gevechten.,Auxiliaries,order_1,4436,gaat worden,
De koning verwacht dat het banket feestelijk gaat zijn met rijk gedekte tafels.,De koning verwacht dat het banket feestelijk zijn gaat met rijk gedekte tafels.,Auxiliaries,order_1,4437,gaat zijn,
De boogschutter denkt dat het slagveld gevaarlijk gaat zijn met pijlen die rondvliegen.,De boogschutter denkt dat het slagveld gevaarlijk zijn gaat met pijlen die rondvliegen.,Auxiliaries,order_1,4438,gaat zijn,
De koopman verwacht dat de handelsroute lucratief gaat zijn met exotische goederen.,De koopman verwacht dat de handelsroute lucratief zijn gaat met exotische goederen.,Auxiliaries,order_1,4439,gaat zijn,
De kasteelheer gelooft dat de ophaalbrug indrukwekkend gaat zijn met zijn middeleeuwse mechanisme.,De kasteelheer gelooft dat de ophaalbrug indrukwekkend zijn gaat met zijn middeleeuwse mechanisme.,Auxiliaries,order_1,4440,gaat zijn,
Ik zie dat de acteur gezichtsuitdrukkingen staat te imiteren in zijn kleedkamer.,Ik zie dat de acteur gezichtsuitdrukkingen te imiteren staat in zijn kleedkamer.,Auxiliaries,order_2,401,staat te imiteren,
Jij ziet dat de bokser klappen staat te incasseren tijdens het gevecht.,Jij ziet dat de bokser klappen te incasseren staat tijdens het gevecht.,Auxiliaries,order_2,402,staat te incasseren,
Ik zie dat de hulpverlener vaccinaties staat te injecteren in de tent.,Ik zie dat de hulpverlener vaccinaties te injecteren staat in de tent.,Auxiliaries,order_2,403,staat te injecteren,
Jij ziet dat de psycholoog patiënten zit te kalmeren in het tehuis.,Jij ziet dat de psycholoog patiënten te kalmeren zit in het tehuis.,Auxiliaries,order_2,404,zit te kalmeren,
Ik zie dat het kind tekeningen zit te kleuren in het lokaal.,Ik zie dat het kind tekeningen te kleuren zit in het lokaal.,Auxiliaries,order_2,405,zit te kleuren,
Jij ziet dat de eigenaar huur staat te innen bij zijn verhuurders.,Jij ziet dat de eigenaar huur te innen staat bij zijn verhuurders.,Auxiliaries,order_2,406,staat te innen,
Ik zie dat de peuter verf zit te knoeien op de tafel.,Ik zie dat de peuter verf te knoeien zit op de tafel.,Auxiliaries,order_2,407,zit te knoeien,
Jij ziet dat de pestkop alles zit te bederven tijdens het schoolreisje.,Jij ziet dat de pestkop alles te bederven zit tijdens het schoolreisje.,Auxiliaries,order_2,408,zit te bederven,
Ik zie dat de conciërge papieren staat te kopiëren in het magazijn.,Ik zie dat de conciërge papieren te kopiëren staat in het magazijn.,Auxiliaries,order_2,409,staat te kopiëren,
Jij ziet dat de techneut laptops zit te installeren voor de leerlingen.,Jij ziet dat de techneut laptops te installeren zit voor de leerlingen.,Auxiliaries,order_2,410,zit te installeren,
Jij weet dat Willem de hele dag zit te kletsen op het werk.,Jij weet dat Willem de hele dag te kletsen zit op het werk.,Auxiliaries,order_2,4441,zit te kletsen,
Jij denkt dat Lina vrijwel iedere dag ligt te zonnen aan het strand.,Jij denkt dat Lina vrijwel iedere dag te zonnen ligt aan het strand.,Auxiliaries,order_2,4442,ligt te zonnen,
Jij weet dat Oliver wel tien uur staat te werken achter de bar.,Jij weet dat Oliver wel tien uur te werken staat achter de bar.,Auxiliaries,order_2,4443,staat te werken,
Jij denkt dat Fien de hele nacht ligt te piekeren over de situatie.,Jij denkt dat Fien de hele nacht te piekeren ligt over de situatie.,Auxiliaries,order_2,4444,ligt te piekeren,
Jij weet dat Daniël de hele avond zit te eten van het buffet.,Jij weet dat Daniël de hele avond te eten zit van het buffet.,Auxiliaries,order_2,4445,zit te eten,
Jij denkt dat Elin het hele weekend zit te wachten op een berichtje.,Jij denkt dat Elin het hele weekend te wachten zit op een berichtje.,Auxiliaries,order_2,4446,zit te wachten,
Jij weet dat Jake de hele wedstrijd staat te juichen voor het team.,Jij weet dat Jake de hele wedstrijd te juichen staat voor het team.,Auxiliaries,order_2,4447,staat te juichen,
Jij denkt dat Sofie vrijwel alleen maar ligt te slapen op de vakantie.,Jij denkt dat Sofie vrijwel alleen maar te slapen ligt op de vakantie.,Auxiliaries,order_2,4448,ligt te slapen,
Jij denkt dat Jason een aantal keer staat te schreeuwen naar de televisie.,Jij denkt dat Jason een aantal keer te schreeuwen staat naar de televisie.,Auxiliaries,order_2,4449,staat te schreeuwen,
Jij weet dat Lynn heel erg veel ligt te huilen op het moment.,Jij weet dat Lynn heel erg veel te huilen ligt op het moment.,Auxiliaries,order_2,4450,ligt te huilen,
Ik zie dat de student aantekeningen zit te maken tijdens de les.,Ik zie dat de student aantekeningen te maken zit tijdens de les.,Auxiliaries,order_2,4451,zit te maken,
Jij ziet dat de ober bestellingen staat op te nemen bij de klanten.,Jij ziet dat de ober bestellingen op te nemen staat bij de klanten.,Auxiliaries,order_2,4452,staat op te nemen,
Ik zie dat de bakker broden staat te bakken in de oven.,Ik zie dat de bakker broden te bakken staat in de oven.,Auxiliaries,order_2,4453,staat te bakken,
Jij weet dat de advocaat getuigen staat te ondervragen in de rechtszaal.,Jij weet dat de advocaat getuigen te ondervragen staat in de rechtszaal.,Auxiliaries,order_2,4454,staat te ondervragen,
Ik zie dat de tuinman planten staat te snoeien in de tuin.,Ik zie dat de tuinman planten te snoeien staat in de tuin.,Auxiliaries,order_2,4455,staat te snoeien,
Jij weet dat de journalist artikelen zit te schrijven voor de krant.,Jij weet dat de journalist artikelen te schrijven zit voor de krant.,Auxiliaries,order_2,4456,zit te schrijven,
Ik zie dat de timmerman meubels staat te maken in zijn werkplaats.,Ik zie dat de timmerman meubels te maken staat in zijn werkplaats.,Auxiliaries,order_2,4457,staat te maken,
Jij weet dat de zangeres liedjes staat te repeteren voor haar optreden.,Jij weet dat de zangeres liedjes te repeteren staat voor haar optreden.,Auxiliaries,order_2,4458,staat te repeteren,
Ik zie dat de chef-kok gerechten staat te bereiden in de keuken.,Ik zie dat de chef-kok gerechten te bereiden staat in de keuken.,Auxiliaries,order_2,4459,staat te bereiden,
Jij weet dat de piloot vliegtuigen staat te controleren voor vertrek.,Jij weet dat de piloot vliegtuigen te controleren staat voor vertrek.,Auxiliaries,order_2,4460,staat te controleren,
Ik zie dat de acteur scènes staat te oefenen op het podium.,Ik zie dat de acteur scènes te oefenen staat op het podium.,Auxiliaries,order_2,4461,staat te oefenen,
Jij weet dat de receptionist telefoontjes staat te beantwoorden bij de receptie.,Jij weet dat de receptionist telefoontjes te beantwoorden staat bij de receptie.,Auxiliaries,order_2,4462,staat te beantwoorden,
Ik zie dat de boer groenten staat te oogsten op het veld.,Ik zie dat de boer groenten te oogsten staat op het veld.,Auxiliaries,order_2,4463,staat te oogsten,
Jij weet dat de schilder kunstwerken staat te creëren in zijn atelier.,Jij weet dat de schilder kunstwerken te creëren staat in zijn atelier.,Auxiliaries,order_2,4464,staat te creëren,
Ik zie dat de chauffeur bussen staat te parkeren op het busstation.,Ik zie dat de chauffeur bussen te parkeren staat op het busstation.,Auxiliaries,order_2,4465,staat te parkeren,
Jij weet dat de leraar opdrachten staat uit te leggen aan de leerlingen.,Jij weet dat de leraar opdrachten uit te leggen staat aan de leerlingen.,Auxiliaries,order_2,4466,staat uit te leggen,
Ik zie dat de fotograaf foto's staat te maken tijdens het evenement.,Ik zie dat de fotograaf foto's te maken staat tijdens het evenement.,Auxiliaries,order_2,4467,staat te maken,
Jij weet dat de astronaut ruimtepakken staat te controleren voor de lancering.,Jij weet dat de astronaut ruimtepakken te controleren staat voor de lancering.,Auxiliaries,order_2,4468,staat te controleren,
Ik zie dat de ober tafels staat te dekken voor de lunch.,Ik zie dat de ober tafels te dekken staat voor de lunch.,Auxiliaries,order_2,4469,staat te dekken,
Jij weet dat de bibliothecaris boeken staat te ordenen in de bibliotheek.,Jij weet dat de bibliothecaris boeken te ordenen staat in de bibliotheek.,Auxiliaries,order_2,4470,staat te ordenen,
Ik zie dat de verpleegster medicijnen staat te geven aan de patiënten.,Ik zie dat de verpleegster medicijnen te geven staat aan de patiënten.,Auxiliaries,order_2,4471,staat te geven,
Jij weet dat de muzikant instrumenten staat te stemmen voor het concert.,Jij weet dat de muzikant instrumenten te stemmen staat voor het concert.,Auxiliaries,order_2,4472,staat te stemmen,
Ik zie dat de bouwvakker muren staat te metselen op de bouwplaats.,Ik zie dat de bouwvakker muren te metselen staat op de bouwplaats.,Auxiliaries,order_2,4473,staat te metselen,
Jij weet dat de journalist nieuwsberichten staat te verzamelen voor de krant.,Jij weet dat de journalist nieuwsberichten te verzamelen staat voor de krant.,Auxiliaries,order_2,4474,staat te verzamelen,
Ik zie dat de ober drankjes staat te serveren aan de gasten.,Ik zie dat de ober drankjes te serveren staat aan de gasten.,Auxiliaries,order_2,4475,staat te serveren,
Jij weet dat de monteur auto's staat te repareren in de garage.,Jij weet dat de monteur auto's te repareren staat in de garage.,Auxiliaries,order_2,4476,staat te repareren,
Ik zie dat de schoonmaker kamers staat te poetsen in het hotel.,Ik zie dat de schoonmaker kamers te poetsen staat in het hotel.,Auxiliaries,order_2,4477,staat te poetsen,
Jij weet dat de trainer oefeningen staat te demonstreren aan het team.,Jij weet dat de trainer oefeningen te demonstreren staat aan het team.,Auxiliaries,order_2,4478,staat te demonstreren,
Ik zie dat de ober menu's staat te presenteren aan de gasten.,Ik zie dat de ober menu's te presenteren staat aan de gasten.,Auxiliaries,order_2,4479,staat te presenteren,
Hij merkt op dat de kat muizen zit te vangen in de schuur.,Hij merkt op dat de kat muizen te vangen zit in de schuur.,Auxiliaries,order_2,4480,zit te vangen,
Zij ziet dat de kunstenaar een schilderij zit te maken in het atelier.,Zij ziet dat de kunstenaar een schilderij te maken zit in het atelier.,Auxiliaries,order_2,4481,zit te maken,
Wij horen dat de muzikant een nieuw nummer zit te componeren in de studio.,Wij horen dat de muzikant een nieuw nummer te componeren zit in de studio.,Auxiliaries,order_2,4482,zit te componeren,
Jullie constateren dat de chef in de keuken soep zit te bereiden.,Jullie constateren dat de chef in de keuken soep te bereiden zit.,Auxiliaries,order_2,4483,zit te bereiden,
Hij beseft dat de hond zijn speeltje zit te begraven in de tuin.,Hij beseft dat de hond zijn speeltje te begraven zit in de tuin.,Auxiliaries,order_2,4484,zit te begraven,
Zij observeren dat de acteur een monoloog zit te oefenen backstage.,Zij observeren dat de acteur een monoloog te oefenen zit backstage.,Auxiliaries,order_2,4485,zit te oefenen,
Hij constateert dat de lerares de leerlingen een nieuw onderwerp staat te onderwijzen.,Hij constateert dat de lerares de leerlingen een nieuw onderwerp te onderwijzen staat.,Auxiliaries,order_2,4486,staat te onderwijzen,
Jullie merken op dat de schrijver aan zijn roman zit te werken in zijn studeerkamer.,Jullie merken op dat de schrijver aan zijn roman te werken zit in zijn studeerkamer.,Auxiliaries,order_2,4487,zit te werken,
Zij zien dat de tuinman de planten loopt te verzorgen in de tuin.,Zij zien dat de tuinman de planten te verzorgen loopt in de tuin.,Auxiliaries,order_2,4488,loopt te verzorgen,
Hij beseft dat de kok de gerechten staat te kruiden in de keuken.,Hij beseft dat de kok de gerechten te kruiden staat in de keuken.,Auxiliaries,order_2,4489,staat te kruiden,
Jullie zien dat de presentator het nieuws zit te presenteren op tv.,Jullie zien dat de presentator het nieuws te presenteren zit op tv.,Auxiliaries,order_2,4490,zit te presenteren,
Zij beseft dat haar broertje zijn huiswerk zit te maken in de slaapkamer.,Zij beseft dat haar broertje zijn huiswerk te maken zit in de slaapkamer.,Auxiliaries,order_2,4491,zit te maken,
Jullie zien dat de programmeur de code zit te schrijven voor de software.,Jullie zien dat de programmeur de code te schrijven zit voor de software.,Auxiliaries,order_2,4492,zit te schrijven,
Hij constateert dat de chauffeur de vrachtwagen zit te laden met goederen.,Hij constateert dat de chauffeur de vrachtwagen te laden zit met goederen.,Auxiliaries,order_2,4493,zit te laden,
Zij ziet dat de schilder het canvas staat te beschilderen in zijn atelier.,Zij ziet dat de schilder het canvas te beschilderen staat in zijn atelier.,Auxiliaries,order_2,4494,staat te beschilderen,
Jij weet dat de wetenschapper proeven staat te doen in het laboratorium.,Jij weet dat de wetenschapper proeven te doen staat in het laboratorium.,Auxiliaries,order_2,4495,staat te doen,
Jij ziet dat de gymnastiekcoach de oefeningen staat te demonstreren in de sportschool.,Jij ziet dat de gymnastiekcoach de oefeningen te demonstreren staat in de sportschool.,Auxiliaries,order_2,4496,staat te demonstreren,
Hij weet dat de modeontwerper jurken staat te ontwerpen in zijn studio.,Hij weet dat de modeontwerper jurken te ontwerpen staat in zijn studio.,Auxiliaries,order_2,4497,staat te ontwerpen,
Jij weet dat de loodgieter leidingen staat te repareren in de kelder.,Jij weet dat de loodgieter leidingen te repareren staat in de kelder.,Auxiliaries,order_2,4498,staat te repareren,
Jullie zien dat de politieagent boetes staat uit te delen aan de overtreders.,Jullie zien dat de politieagent boetes uit te delen staat aan de overtreders.,Auxiliaries,order_2,4499,staat uit te delen,
Zij weten dat de journalist artikelen staat te schrijven voor het tijdschrift.,Zij weten dat de journalist artikelen te schrijven staat voor het tijdschrift.,Auxiliaries,order_2,4500,staat te schrijven,
Hij merkt op dat de leraar de leerlingen staat te instrueren voor het examen.,Hij merkt op dat de leraar de leerlingen te instrueren staat voor het examen.,Auxiliaries,order_2,4501,staat te instrueren,
Ik zie dat de hovenier planten staat te poten in de tuin.,Ik zie dat de hovenier planten te poten staat in de tuin.,Auxiliaries,order_2,4502,staat te poten,
Jij weet dat de receptionist telefoontjes staat te beantwoorden bij de balie.,Jij weet dat de receptionist telefoontjes te beantwoorden staat bij de balie.,Auxiliaries,order_2,4503,staat te beantwoorden,
Jij merkt op dat de kunstenaar inspiratie staat op te doen in het park.,Jij merkt op dat de kunstenaar inspiratie op te doen staat in het park.,Auxiliaries,order_2,4504,staat op te doen,
Zij bemerkt dat de hond trucs staat te vertonen in de tuin.,Zij bemerkt dat de hond trucs te vertonen staat in de tuin.,Auxiliaries,order_2,4505,staat te vertonen,
Hij ziet dat de chef nieuwe recepten staat te proberen in de keuken.,Hij ziet dat de chef nieuwe recepten te proberen staat in de keuken.,Auxiliaries,order_2,4506,staat te proberen,
ij begrijpt dat de monteur aan auto's staat te sleutelen in de garage.,Jij begrijpt dat de monteur aan auto's te sleutelen staat in de garage.,Auxiliaries,order_2,4507,staat te sleutelen,
Hij ziet dat de kinderen liedjes staan te zingen in de klas.,Hij ziet dat de kinderen liedjes te zingen staan in de klas.,Auxiliaries,order_2,4508,staan te zingen,
Wij beseffen dat de boer op het veld staat te ploegen met zijn tractor.,Wij beseffen dat de boer op het veld te ploegen staat met zijn tractor.,Auxiliaries,order_2,4509,staat te ploegen,
Zij ziet dat de kunstenaar beelden zit te boetseren in zijn atelier.,Zij ziet dat de kunstenaar beelden te boetseren zit in zijn atelier.,Auxiliaries,order_2,4510,zit te boetseren,
Wij begrijpen dat de studenten serieus zitten te luisteren naar de docent.,Wij begrijpen dat de studenten serieus te luisteren zitten naar de docent.,Auxiliaries,order_2,4511,zitten te luisteren,
Hij weet dat de kinderen buiten zitten te spelen in de tuin.,Hij weet dat de kinderen buiten te spelen zitten in de tuin.,Auxiliaries,order_2,4512,zitten te spelen,
Hij merkt op dat de hond rustig ligt te slapen in zijn mand.,Hij merkt op dat de hond rustig te slapen ligt in zijn mand.,Auxiliaries,order_2,4513,ligt te slapen,
Hij weet dat de manager vergaderingen zit te plannen voor het team.,Hij weet dat de manager vergaderingen te plannen zit voor het team.,Auxiliaries,order_2,4514,zit te plannen,
Zij beseffen dat de kinderen buiten zitten te genieten van het zonnetje.,Zij beseffen dat de kinderen buiten te genieten zitten van het zonnetje.,Auxiliaries,order_2,4515,zitten te genieten,
Zij zien dat de kapper nieuwe kapsels zit te bedenken voor zijn klanten.,Zij zien dat de kapper nieuwe kapsels te bedenken zit voor zijn klanten.,Auxiliaries,order_2,4516,zit te bedenken,
Zij ziet dat de kat rustig ligt te slapen op de vensterbank.,Zij ziet dat de kat rustig te slapen ligt op de vensterbank.,Auxiliaries,order_2,4517,ligt te slapen,
Hij merkt op dat de oude boeken op de planken liggen te verstoffen.,Hij merkt op dat de oude boeken op de planken te verstoffen liggen.,Auxiliaries,order_2,4518,liggen te verstoffen,
Zij zien dat de oude man in het park loopt te wandelen met zijn hond.,Zij zien dat de oude man in het park te wandelen loopt met zijn hond.,Auxiliaries,order_2,4519,loopt te wandelen,
Jij begrijpt dat de bladeren op de grond liggen te ritselen in de wind.,Jij begrijpt dat de bladeren op de grond te ritselen liggen in de wind.,Auxiliaries,order_2,4520,liggen te ritselen,
Hij weet dat de kinderen op het strand liggen te zonnen.,Hij weet dat de kinderen op het strand te zonnen liggen.,Auxiliaries,order_2,4521,liggen te zonnen,
Jij begrijpt dat de baby in de wieg ligt te slapen.,Jij begrijpt dat de baby in de wieg te slapen ligt.,Auxiliaries,order_2,4522,ligt te slapen,
Hij ziet dat de schapen in de wei lopen te grazen.,Hij ziet dat de schapen in de wei te grazen lopen.,Auxiliaries,order_2,4523,lopen te grazen,
Wij zien dat de bomen in de wind heen en weer staan te bewegen.,Wij zien dat de bomen in de wind heen en weer te bewegen staan.,Auxiliaries,order_2,4524,staan te bewegen,
Zij zien dat de klok aan de muur hangt te tikken.,Zij zien dat de klok aan de muur te tikken hangt.,Auxiliaries,order_2,4525,hangt te tikken,
Jij begrijpt dat de auto's in de file staan te wachten.,Jij begrijpt dat de auto's in de file te wachten staan.,Auxiliaries,order_2,4526,staan te wachten,
Hij weet dat de kinderen op het grasveld liggen te picknicken.,Hij weet dat de kinderen op het grasveld te picknicken liggen.,Auxiliaries,order_2,4527,liggen te picknicken,
Hij weet dat de kat in de vensterbank ligt te spinnen van tevredenheid.,Hij weet dat de kat in de vensterbank te spinnen ligt van tevredenheid.,Auxiliaries,order_2,4528,ligt te spinnen,
Wij zien dat de bladeren op de grond liggen te verkleuren in de herfst.,Wij zien dat de bladeren op de grond te verkleuren liggen in de herfst.,Auxiliaries,order_2,4529,liggen te verkleuren,
Zij merken op dat de vogels in de bomen zitten te fluiten in de ochtend.,Zij merken op dat de vogels in de bomen te fluiten zitten in de ochtend.,Auxiliaries,order_2,4530,zitten te fluiten,
